message,output,timestamp
hi how are you,"hi how are you?""

""You're a really good girl.""

""Yeah, I'm a good girl too.""

""But you're more of a girl than I am.""

""I'm just a girl and you're a girl, so I'm a girl.""

""I guess I should try something different.""

""I guess I should try something different.""

""Is that really the case?""

""Probably not.""

""I guess I",2025-07-11 21:58:19.188085
hi how are you,"hi how are you?""

""You're a really good girl.""

""Yeah, I'm a good girl too.""

""But you're more of a girl than I am.""

""I'm just a girl and you're a girl, so I'm a girl.""

""I guess I should try something different.""

""I guess I should try something different.""

""Is that really the case?""

""Probably not.""

""I guess I",2025-07-11 21:58:21.980320
Explain AI in simple words.,Narendra Modi,2025-07-11 22:13:02.344063
